topology,kind,nodes,rows,repetition,graph_seconds,fibre_seconds,peak_process_rss_kib
fanout,constant,8,32,1,0.000545979,0.001152992,3784
fanout,constant,8,32,2,0.000570059,0.001441002,3784
fanout,constant,8,32,3,0.000520945,0.001173019,3784
fanout,constant,8,32,4,0.000520945,0.001165867,3784
fanout,constant,8,32,5,0.000524998,0.001152992,3784
fanout,injective,8,32,1,0.000591993,0.001168013,3848
fanout,injective,8,32,2,0.000560045,0.001140833,3848
fanout,injective,8,32,3,0.000540972,0.001082897,3848
fanout,injective,8,32,4,0.000555038,0.001075029,3848
fanout,injective,8,32,5,0.000515938,0.001049042,3848
fanout,early-witness,8,32,1,0.000611067,0.000735998,3696
fanout,early-witness,8,32,2,0.000581980,0.000689983,3696
fanout,early-witness,8,32,3,0.000573874,0.000682116,3696
fanout,early-witness,8,32,4,0.000558853,0.000665903,3696
fanout,early-witness,8,32,5,0.000553846,0.000666857,3696
fanout,constant,8,128,1,0.000560045,0.010636091,5700
fanout,constant,8,128,2,0.000478983,0.009577990,5700
fanout,constant,8,128,3,0.000458002,0.009862185,5700
fanout,constant,8,128,4,0.000471115,0.008959055,5700
fanout,constant,8,128,5,0.000427961,0.008786917,5700
fanout,injective,8,128,1,0.000551939,0.008200884,5600
fanout,injective,8,128,2,0.000500917,0.007411003,5600
fanout,injective,8,128,3,0.000459909,0.006988049,5600
fanout,injective,8,128,4,0.000439167,0.006809950,5600
fanout,injective,8,128,5,0.000447035,0.006709099,5600
fanout,early-witness,8,128,1,0.000427008,0.001488924,4852
fanout,early-witness,8,128,2,0.000469923,0.001612902,4852
fanout,early-witness,8,128,3,0.000434875,0.001567125,4852
fanout,early-witness,8,128,4,0.000438929,0.001665831,4852
fanout,early-witness,8,128,5,0.000528097,0.001518965,4852
fanout,constant,8,512,1,0.000445127,0.187532902,17324
fanout,constant,8,512,2,0.000462770,0.185657978,17324
fanout,constant,8,512,3,0.000470877,0.189330101,17324
fanout,constant,8,512,4,0.000445127,0.181959867,17324
fanout,constant,8,512,5,0.000454903,0.185115099,17324
fanout,injective,8,512,1,0.000555038,0.141438961,17332
fanout,injective,8,512,2,0.000452995,0.141317844,17332
fanout,injective,8,512,3,0.000440121,0.138678074,17332
fanout,injective,8,512,4,0.000443935,0.138589144,17332
fanout,injective,8,512,5,0.000431061,0.139788866,17332
fanout,early-witness,8,512,1,0.000438929,0.033787012,17000
fanout,early-witness,8,512,2,0.000433922,0.032418013,17000
fanout,early-witness,8,512,3,0.000521898,0.032259941,17000
fanout,early-witness,8,512,4,0.000458002,0.033496857,17000
fanout,early-witness,8,512,5,0.000636101,0.034303904,17000
fanout,constant,16,32,1,0.001215935,0.001757860,4404
fanout,constant,16,32,2,0.001215219,0.001776934,4404
fanout,constant,16,32,3,0.001193047,0.001771927,4404
fanout,constant,16,32,4,0.001190901,0.001711130,4404
fanout,constant,16,32,5,0.001295090,0.001738071,4404
fanout,injective,16,32,1,0.002063990,0.002024889,4320
fanout,injective,16,32,2,0.001433849,0.001917839,4320
fanout,injective,16,32,3,0.001414061,0.001857042,4320
fanout,injective,16,32,4,0.001379013,0.001805067,4320
fanout,injective,16,32,5,0.001308918,0.001759052,4320
fanout,early-witness,16,32,1,0.001619816,0.001665115,4144
fanout,early-witness,16,32,2,0.001543999,0.001641989,4144
fanout,early-witness,16,32,3,0.001540899,0.001604080,4144
fanout,early-witness,16,32,4,0.001466990,0.001540899,4144
fanout,early-witness,16,32,5,0.001445055,0.001509905,4144
fanout,constant,16,128,1,0.001373053,0.011464834,5660
fanout,constant,16,128,2,0.001246929,0.010525942,5660
fanout,constant,16,128,3,0.001130104,0.010030031,5660
fanout,constant,16,128,4,0.001151085,0.010129929,5660
fanout,constant,16,128,5,0.001184940,0.010077953,5660
fanout,injective,16,128,1,0.001485825,0.009541035,5700
fanout,injective,16,128,2,0.001315117,0.009330988,5700
fanout,injective,16,128,3,0.001219034,0.008337021,5700
fanout,injective,16,128,4,0.001610994,0.008090019,5700
fanout,injective,16,128,5,0.001216173,0.008385181,5700
fanout,early-witness,16,128,1,0.001530886,0.002821922,5644
fanout,early-witness,16,128,2,0.001449108,0.002647161,5644
fanout,early-witness,16,128,3,0.001386166,0.002560139,5644
fanout,early-witness,16,128,4,0.001333952,0.002449989,5644
fanout,early-witness,16,128,5,0.001296043,0.002376080,5644
fanout,constant,16,512,1,0.001192093,0.170502901,17424
fanout,constant,16,512,2,0.001133919,0.170196056,17424
fanout,constant,16,512,3,0.001161098,0.169788122,17424
fanout,constant,16,512,4,0.001166105,0.169628143,17424
fanout,constant,16,512,5,0.001151085,0.173243999,17424
fanout,injective,16,512,1,0.001237869,0.138776064,17544
fanout,injective,16,512,2,0.001201868,0.138040066,17544
fanout,injective,16,512,3,0.001242161,0.152294159,17544
fanout,injective,16,512,4,0.001254082,0.148741007,17544
fanout,injective,16,512,5,0.001230001,0.147333145,17544
fanout,early-witness,16,512,1,0.001191854,0.034980774,16824
fanout,early-witness,16,512,2,0.001174927,0.033653021,16824
fanout,early-witness,16,512,3,0.001177073,0.032747030,16824
fanout,early-witness,16,512,4,0.001217127,0.034589052,16824
fanout,early-witness,16,512,5,0.001250029,0.032961845,16824
fanout,constant,32,32,1,0.004387140,0.005922794,5068
fanout,constant,32,32,2,0.004472971,0.004760027,5068
fanout,constant,32,32,3,0.004359007,0.004790068,5068
fanout,constant,32,32,4,0.004319906,0.004925966,5068
fanout,constant,32,32,5,0.005035162,0.005042076,5068
fanout,injective,32,32,1,0.005132914,0.005280018,5040
fanout,injective,32,32,2,0.004750967,0.004859924,5040
fanout,injective,32,32,3,0.004284859,0.004952192,5040
fanout,injective,32,32,4,0.004683971,0.004814148,5040
fanout,injective,32,32,5,0.004173040,0.004822969,5040
fanout,early-witness,32,32,1,0.005039930,0.004850864,5136
fanout,early-witness,32,32,2,0.004667997,0.005403996,5136
fanout,early-witness,32,32,3,0.004434824,0.004603863,5136
fanout,early-witness,32,32,4,0.004275084,0.004668951,5136
fanout,early-witness,32,32,5,0.004266977,0.004297018,5136
fanout,constant,32,128,1,0.004256964,0.014364958,5908
fanout,constant,32,128,2,0.004904032,0.013448954,5908
fanout,constant,32,128,3,0.004569054,0.013787985,5908
fanout,constant,32,128,4,0.004261971,0.013818979,5908
fanout,constant,32,128,5,0.004456043,0.013360977,5908
fanout,injective,32,128,1,0.004288912,0.011517048,5908
fanout,injective,32,128,2,0.004323959,0.011726856,5908
fanout,injective,32,128,3,0.004271030,0.011413097,5908
fanout,injective,32,128,4,0.004293919,0.011178017,5908
fanout,injective,32,128,5,0.004351854,0.011207819,5908
fanout,early-witness,32,128,1,0.004905939,0.006814003,5072
fanout,early-witness,32,128,2,0.004951954,0.005494833,5072
fanout,early-witness,32,128,3,0.004384995,0.005262136,5072
fanout,early-witness,32,128,4,0.004647970,0.006159067,5072
fanout,early-witness,32,128,5,0.004709959,0.005212069,5072
fanout,constant,32,512,1,0.004451036,0.175712109,17600
fanout,constant,32,512,2,0.004525900,0.177464962,17600
fanout,constant,32,512,3,0.004441023,0.185133219,17600
fanout,constant,32,512,4,0.004842043,0.184954882,17600
fanout,constant,32,512,5,0.005524874,0.182739973,17600
fanout,injective,32,512,1,0.005146027,0.140901089,17804
fanout,injective,32,512,2,0.004552126,0.139693975,17804
fanout,injective,32,512,3,0.004471064,0.141667128,17804
fanout,injective,32,512,4,0.005128145,0.151015997,17804
fanout,injective,32,512,5,0.004604101,0.134871960,17804
fanout,early-witness,32,512,1,0.004395008,0.070687056,17168
fanout,early-witness,32,512,2,0.008610010,0.043287992,17168
fanout,early-witness,32,512,3,0.004646063,0.037745953,17168
fanout,early-witness,32,512,4,0.004256964,0.035955906,17168
fanout,early-witness,32,512,5,0.004324913,0.036153078,17168
chain,constant,8,32,1,0.000741959,0.002166986,4212
chain,constant,8,32,2,0.000752926,0.002130985,4212
chain,constant,8,32,3,0.000766039,0.002262115,4212
chain,constant,8,32,4,0.000746012,0.002221823,4212
chain,constant,8,32,5,0.000833988,0.002259970,4212
chain,injective,8,32,1,0.001272917,0.002563000,4172
chain,injective,8,32,2,0.001006842,0.002278805,4172
chain,injective,8,32,3,0.000965118,0.002235889,4172
chain,injective,8,32,4,0.000942945,0.002161026,4172
chain,injective,8,32,5,0.000904083,0.002376080,4172
chain,early-witness,8,32,1,0.000860929,0.000985146,3988
chain,early-witness,8,32,2,0.000853062,0.000993013,3988
chain,early-witness,8,32,3,0.001024008,0.001114845,3988
chain,early-witness,8,32,4,0.000854015,0.000983000,3988
chain,early-witness,8,32,5,0.000849962,0.000983953,3988
chain,constant,8,128,1,0.002244949,0.023084164,5720
chain,constant,8,128,2,0.001260042,0.036725998,5720
chain,constant,8,128,3,0.002293110,0.058764935,5720
chain,constant,8,128,4,0.001236200,0.029330969,5720
chain,constant,8,128,5,0.000762939,0.019988060,5720
chain,injective,8,128,1,0.000749826,0.017618895,5760
chain,injective,8,128,2,0.000766039,0.017630100,5760
chain,injective,8,128,3,0.000742197,0.017035961,5760
chain,injective,8,128,4,0.000740051,0.017576933,5760
chain,injective,8,128,5,0.000745058,0.016980886,5760
chain,early-witness,8,128,1,0.000743866,0.001905918,5060
chain,early-witness,8,128,2,0.000739098,0.001864910,5060
chain,early-witness,8,128,3,0.000740051,0.002158165,5060
chain,early-witness,8,128,4,0.000765800,0.001998901,5060
chain,early-witness,8,128,5,0.000815868,0.002088070,5060
chain,constant,8,512,1,0.000792980,0.323745012,17684
chain,constant,8,512,2,0.000754833,0.330733061,17684
chain,constant,8,512,3,0.000782967,0.326274157,17684
chain,constant,8,512,4,0.000771999,0.325648785,17684
chain,constant,8,512,5,0.000784159,0.324834108,17684
chain,injective,8,512,1,0.000712156,0.273209095,17584
chain,injective,8,512,2,0.000730038,0.273195028,17584
chain,injective,8,512,3,0.000725985,0.278723955,17584
chain,injective,8,512,4,0.000761032,0.281023979,17584
chain,injective,8,512,5,0.000718117,0.279443026,17584
chain,early-witness,8,512,1,0.001127005,0.036929846,16828
chain,early-witness,8,512,2,0.000808001,0.034169912,16828
chain,early-witness,8,512,3,0.000743866,0.033894062,16828
chain,early-witness,8,512,4,0.000768900,0.033676147,16828
chain,early-witness,8,512,5,0.000741959,0.034142017,16828
chain,constant,16,32,1,0.009095907,0.015805006,5096
chain,constant,16,32,2,0.009851933,0.015816927,5096
chain,constant,16,32,3,0.008736134,0.016922951,5096
chain,constant,16,32,4,0.009301186,0.016693830,5096
chain,constant,16,32,5,0.010175943,0.017191887,5096
chain,injective,16,32,1,0.008384943,0.015763998,5080
chain,injective,16,32,2,0.008461952,0.015635967,5080
chain,injective,16,32,3,0.008975983,0.016184092,5080
chain,injective,16,32,4,0.008692980,0.015424013,5080
chain,injective,16,32,5,0.008275032,0.015612125,5080
chain,early-witness,16,32,1,0.008649111,0.008762121,5092
chain,early-witness,16,32,2,0.008494854,0.008595943,5092
chain,early-witness,16,32,3,0.008453131,0.008807182,5092
chain,early-witness,16,32,4,0.008484840,0.008682966,5092
chain,early-witness,16,32,5,0.008519888,0.009166956,5092
chain,constant,16,128,1,0.008713007,0.116370916,5956
chain,constant,16,128,2,0.008782148,0.118571997,5956
chain,constant,16,128,3,0.009023905,0.115541935,5956
chain,constant,16,128,4,0.009400845,0.116053104,5956
chain,constant,16,128,5,0.008719921,0.116908073,5956
chain,injective,16,128,1,0.008227825,0.110031128,5812
chain,injective,16,128,2,0.008421898,0.109312057,5812
chain,injective,16,128,3,0.008467913,0.109950066,5812
chain,injective,16,128,4,0.008565903,0.109361172,5812
chain,injective,16,128,5,0.008890867,0.109388113,5812
chain,early-witness,16,128,1,0.009799004,0.010829926,5484
chain,early-witness,16,128,2,0.008532047,0.012217999,5484
chain,early-witness,16,128,3,0.008497000,0.010854959,5484
chain,early-witness,16,128,4,0.009559155,0.010865927,5484
chain,early-witness,16,128,5,0.008779049,0.011478901,5484
chain,constant,16,512,1,0.009360075,1.748347998,18032
chain,constant,16,512,2,0.009701967,1.746268034,18032
chain,constant,16,512,3,0.009634972,1.740597010,18032
chain,constant,16,512,4,0.008739948,1.743232965,18032
chain,constant,16,512,5,0.008870125,1.838882923,18032
chain,injective,16,512,1,0.009382010,1.675603867,18216
chain,injective,16,512,2,0.009000063,1.657989025,18216
chain,injective,16,512,3,0.009488106,1.698701859,18216
chain,injective,16,512,4,0.009241819,1.672480106,18216
chain,injective,16,512,5,0.008969069,1.641710997,18216
chain,early-witness,16,512,1,0.008415937,0.043051958,17384
chain,early-witness,16,512,2,0.008375168,0.045656919,17384
chain,early-witness,16,512,3,0.008645058,0.044996977,17384
chain,early-witness,16,512,4,0.008234978,0.045389891,17384
chain,early-witness,16,512,5,0.008524179,0.045346975,17384
chain,constant,32,32,1,0.120067120,0.154788017,5104
chain,constant,32,32,2,0.121643066,0.153679132,5104
chain,constant,32,32,3,0.120973110,0.161868095,5104
chain,constant,32,32,4,0.122519970,0.164459944,5104
chain,constant,32,32,5,0.121499062,0.156730175,5104
chain,injective,32,32,1,0.122260094,0.156869173,5272
chain,injective,32,32,2,0.122642040,0.156398058,5272
chain,injective,32,32,3,0.123534918,0.157145023,5272
chain,injective,32,32,4,0.121376038,0.157404900,5272
chain,injective,32,32,5,0.122175932,0.156325102,5272
chain,early-witness,32,32,1,0.126272917,0.127279043,5120
chain,early-witness,32,32,2,0.125751972,0.126781940,5120
chain,early-witness,32,32,3,0.124382973,0.126029968,5120
chain,early-witness,32,32,4,0.123408794,0.124638796,5120
chain,early-witness,32,32,5,0.122741938,0.124557018,5120
chain,constant,32,128,1,0.123596191,0.651729107,6268
chain,constant,32,128,2,0.119669199,0.648782015,6268
chain,constant,32,128,3,0.121278048,0.652694941,6268
chain,constant,32,128,4,0.120919943,0.654842138,6268
chain,constant,32,128,5,0.120350122,0.651458979,6268
chain,injective,32,128,1,0.125723124,0.670024872,6384
chain,injective,32,128,2,0.132029057,0.656722069,6384
chain,injective,32,128,3,0.125506878,0.642590046,6384
chain,injective,32,128,4,0.124906063,0.645483971,6384
chain,injective,32,128,5,0.125180960,0.649560928,6384
chain,early-witness,32,128,1,0.121561050,0.129307032,5804
chain,early-witness,32,128,2,0.123147964,0.129777908,5804
chain,early-witness,32,128,3,0.121767044,0.130697966,5804
chain,early-witness,32,128,4,0.120932102,0.128818989,5804
chain,early-witness,32,128,5,0.126446962,0.128309011,5804
chain,constant,32,512,1,0.120095015,8.509460926,18724
chain,constant,32,512,2,0.121222973,8.511745214,18724
chain,constant,32,512,3,0.119792938,8.604558945,18724
chain,constant,32,512,4,0.119503021,8.627928972,18724
chain,constant,32,512,5,0.120396852,8.508783102,18724
chain,injective,32,512,1,0.124814987,8.400588036,18544
chain,injective,32,512,2,0.121646881,8.415800095,18544
chain,injective,32,512,3,0.121114016,8.452243090,18544
chain,injective,32,512,4,0.123506069,8.570100069,18544
chain,injective,32,512,5,0.119988918,8.331426144,18544
chain,early-witness,32,512,1,0.126369953,0.182257891,18384
chain,early-witness,32,512,2,0.125932932,0.179831982,18384
chain,early-witness,32,512,3,0.135761023,0.188225031,18384
chain,early-witness,32,512,4,0.129978180,0.187600851,18384
chain,early-witness,32,512,5,0.127336025,0.191420078,18384
